{"InputSize":3,"HiddenSize":5,"OutputSize":1,"LearningRate":0.001,"Momentum":0.6,"A1":[0.2,0.2,1],"A2":[0.14959664546421397,0.5731088471312925,0.539763627627332,0.3677687144294832,1],"A3":[0.3930305119799052],"W1":[[4.335004988541858,0.5052667460938983,-1.7777175754972554,-0.3302751055227034,-0.15072500585746862],[2.490636985975502,-1.1798285917113849,-1.7616118386350574,-0.859644174109246,-0.39817627882942586],[-3.1003367054813147,0.4295002790068512,0.866290163642073,-0.3039954762407204,-0.3638836513393403]],"W2":[[6.18034358746973],[0.09700334817227457],[-2.7746407028395565],[-0.5108401600779752],[0.27311122166836715]],"Changes1":[[0.000261412294200003,7.831350181214641e-06,-0.00022923409988416418,-3.952827763229647e-05,0],[0.000261412294200003,7.831350181214641e-06,-0.00022923409988416418,-3.952827763229647e-05,0],[0.0013070614710000148,3.9156750906073204e-05,-0.0011461704994208208,-0.00019764138816148234,0]],"Changes2":[[0.00024872294882004813],[0.0009528644309571266],[0.0008974238741295283],[0.0006114610314476672],[0.0016626238379091652]]}