{"InputSize":3,"HiddenSize":5,"OutputSize":1,"LearningRate":0.009,"Momentum":0.6,"A1":[0.2,0.2,1],"A2":[0.1486154277463272,0.5722981349094614,0.5404739225076401,0.367314537970105,1],"A3":[0.3930506128267925],"W1":[[4.350933048571276,0.5027927640779433,-1.7805807425158116,-0.3329509915351293,-0.15072500585746862],[2.489487340930492,-1.181774050124708,-1.7564104990411604,-0.8603223481538602,-0.39817627882942586],[-3.111037405299394,0.42707168656141214,0.8686821922301897,-0.305278160154544,-0.3638836513393403]],"W2":[[6.193294101742423],[0.0982924170036394],[-2.7733348128856594],[-0.511416921313572],[0.2779158691176433]],"Changes1":[[0.0002597957950634613,7.917483462007586e-06,-0.0002284173958464648,-3.943898298030125e-05,0],[0.0002597957950634613,7.917483462007586e-06,-0.0002284173958464648,-3.943898298030125e-05,0],[0.0012989789753173064,3.9587417310037924e-05,-0.001142086979232324,-0.00019719491490150626,0]],"Changes2":[[0.00024638335184039214],[0.0009487893341173172],[0.0008960292927128334],[0.0006089555331984437],[0.001657858511573548]]}